Name,Email,Phone,Address
Juvenal Welch,maxwell10@gmail.com,1-681-447-4126,"16144 Tromp Prairie Apt. 184
Lyricchester, CO 29540"
Jarred Ferry,rhianna.hegmann@cormier.com,1-678-340-5094,"203 Lindgren Courts
Kimtown, NH 67717"
Troy Yost,maida.nienow@hotmail.com,(772) 223-7137,"898 Florencio Divide
Harmonyton, VT 27098-3935"
Tommie Hirthe,gislason.lorenzo@torp.net,1-781-656-7752,"286 Davin Square Apt. 389
Doylestad, SC 14770"
Dr. Dora Wuckert,granville.vonrueden@yahoo.com,-8431,"6343 Bettye Circles
South Akeem, DE 65292-6239"
Prof. Kevin Rohan DDS,pacocha.jermaine@gmail.com,1-785-540-0207,"929 Major Village
Franzville, IA 10361"
Prof. Nya Oberbrunner DDS,georgianna.zieme@gmail.com,+1 (903) 915-7591,"94175 Manuela Forge Apt. 038
Port Burnicehaven, MS 51700"
Juliet Weimann III,cruickshank.chelsey@hotmail.com,(573) 286-8931,"4428 Ernser Ramp
North Vern, LA 10632"
Prof. Lauretta Wintheiser,corwin.lester@reichel.org,769.600.9958,"33168 Jerad Unions
Ariside, HI 74524"
Ms. Jailyn Gerlach V,hbergnaum@wilderman.com,626.649.2867,"1433 Mara Harbor Apt. 861
Dinachester, WA 70616-9847"
Dr. Kirk Kohler I,parisian.bryana@hotmail.com,-6850,"66313 Sanford Rest Suite 197
Boganbury, MO 17157"
Arnold Heidenreich IV,celia.heller@tillman.biz,283-589-1284,"368 Pouros Ports
Port Auroretown, DE 65038"
Anthony Schinner,saul73@yahoo.com,+1.662.891.2312,"56767 Beahan Village Suite 215
Franzchester, WA 17225"
Dr. Kian Tromp,schiller.sandra@hotmail.com,224-402-7520,"2725 Alexandrea Mall Suite 768
Duaneshire, ND 20052-5938"
Prof. Verlie Waelchi Jr.,germaine.boyer@hotmail.com,(743) 451-3804,"86641 Carson Way Suite 358
Lake Nonafurt, IA 55921-4234"
Henriette Wiegand,nkub@pacocha.com,1-724-532-2092,"39242 Liliana Burgs Suite 269
Rahulshire, MD 50106-0315"
Brenda Hodkiewicz,cartwright.deondre@gmail.com,15597867273,"378 Larissa Orchard
East Kaiaberg, DC 04767"
Mrs. Germaine Hackett PhD,berniece31@kemmer.com,+1 (484) 542-0310,"2637 Shanie Valley Apt. 632
North Dallinfort, ND 97763"
Andrew Sawayn,noble.hilpert@gmail.com,(208) 381-8475,"502 Abernathy Tunnel Suite 242
Jacqueston, VT 89262"
Bonnie Larkin,norberto53@kovacek.org,1-229-613-3478,"19530 Kub Light Apt. 065
Lake Dwight, SC 75750"
